name,lat,lon,elev_mean,slope_mean,area_gages2
01022500,44.60797,-67.93524,92.68,17.79072,573.6
01031500,45.17501,-69.3147,247.8,29.56035,769.05
01047000,44.8692,-69.9551,310.38,49.92122,909.1
01052500,44.87739,-71.05749,615.7,60.05183,383.82
01054200,44.39044,-70.97964,472.31,90.13951,180.98
01055000,44.64275,-70.58878,423.12,72.81304,250.64
01057000,44.30399,-70.53968,215.59,32.68445,190.92
01073000,43.1487,-70.96506,37.67,4.75043,31.3
01078000,43.56646,-71.74786,346.92,49.77182,222.46
01123000,41.67177,-72.0523,120.1,17.14893,77.85
01134500,44.51172,-71.83731,450.54,47.54354,195.13
01137500,44.26867,-71.63036,784.85,110.13062,228.55
01139000,44.15034,-72.06509,373.34,43.10796,246.33
01139800,44.09284,-72.33565,518.15,40.99895,22.8
01142500,43.93451,-72.65788,346.62,46.92575,82.17
01144000,43.71424,-72.41815,459.8,60.29261,1790.24
01162500,42.68259,-72.11508,310.07,18.45782,49.71
01169000,42.63842,-72.72509,374.89,49.54362,230.64
01170100,42.70342,-72.67065,325.71,49.33091,106.99
01181000,42.23731,-72.89565,417.93,33.2844,243.5
01187300,42.03732,-72.93899,309.1,38.2676,53.92
01195100,41.30593,-72.5312,19.17,7.9307,14.84
04296000,44.86894,-72.2701,390.99,40.51472,302.19
01333000,42.70897,-73.19677,485.91,74.78725,112.16
01350000,42.31953,-74.43654,612.78,88.25169,612.51
01350080,42.37703,-74.41292,587.35,60.00338,83.84
01350140,42.42897,-74.47293,579.74,61.8248,43.76
01365000,41.86648,-74.4871,465.17,51.87268,99.57
01411300,39.30694,-74.82056,15.25,2.0326,79.32
01413500,42.14481,-74.65349,724.51,69.6517,424.1
01414500,42.1062,-74.73043,775.58,59.57585,64.45
01415000,42.12009,-74.81849,604.34,64.53263,85.63
01423000,42.1662,-75.13989,593.67,49.86765,859.68
01434025,41.99537,-74.50099,729.33,59.4071,9.7
01435000,41.89009,-74.58988,560.05,54.94492,172.46
01439500,41.08815,-75.03767,307.06,22.25987,305.88
01440000,41.10667,-74.95222,234.2,28.80165,167.72
01440400,41.08481,-75.21462,334.06,26.46515,175.21
01451800,40.66176,-75.62685,180.41,14.8941,135.84
01466500,39.885,-74.50528,38.94,2.53456,5.38
01484100,38.90578,-75.51275,17.97,1.03721,9.0
01487000,38.72833,-75.56186,13.84,1.09998,187.41
01491000,38.99719,-75.78581,18.54,1.41948,292.04
01510000,42.54118,-75.89964,482.21,28.76423,382.99
01516500,41.79091,-77.01469,634.59,29.79686,31.48
01518862,41.92313,-77.53193,600.87,37.28156,233.91
01532000,41.70702,-76.48467,507.14,40.91626,553.94
01539000,41.07814,-76.43106,333.75,32.47937,701.78
01542810,41.57895,-78.29251,492.7,45.55723,13.62
01543000,41.4134,-78.19695,543.37,36.53752,705.5
01543500,41.31728,-78.10306,547.44,31.28232,1778.26
01544500,41.4759,-77.82582,551.6,36.26274,355.06
01545600,41.38951,-77.69082,518.97,53.68312,120.0
01547700,41.05951,-77.60583,353.57,43.0263,113.54
01548500,41.52174,-77.44748,546.71,39.14167,1557.05
01549500,41.47368,-77.23081,528.16,32.39343,97.49
01550000,41.41841,-77.03275,455.41,46.28526,452.68
01552000,41.32508,-76.91246,461.43,37.27533,1129.49
01552500,41.35702,-76.53467,535.24,46.46363,60.64
01557500,40.68367,-78.23362,389.99,38.17147,115.3
01567500,40.37092,-77.40221,314.48,46.47316,38.77
01568000,40.32342,-77.16887,265.52,34.52646,534.39
01580000,39.62997,-76.40331,174.3,12.44242,244.37
01583500,39.51078,-76.6765,156.32,13.67585,155.85
01586610,39.45189,-76.95531,196.88,11.85286,72.7
01591400,39.25597,-77.05106,149.21,7.79146,59.09
01594950,39.27669,-79.39031,899.82,37.38218,6.12
01596500,39.57006,-79.10194,663.42,53.96684,124.65
01605500,38.63567,-79.33782,856.86,70.44106,463.85
01606500,38.99122,-79.17587,836.38,75.86214,1684.55
01632000,38.63706,-78.8528,543.76,51.70815,543.36
01632900,38.69345,-78.64279,417.29,48.62437,245.05
01634500,39.08122,-78.32945,344.44,47.4082,263.98
01638480,39.25455,-77.57638,155.98,16.88797,232.0
01639500,39.61236,-77.23744,198.1,11.61235,267.18
01644000,39.01955,-77.57749,187.25,23.95326,859.17
01664000,38.53068,-77.8136,216.1,30.32647,1605.1
01666500,38.32513,-78.09556,201.59,24.98287,463.15
01667500,38.35041,-77.975,193.47,23.44026,1209.75
01669000,37.87708,-76.90052,42.94,4.09652,71.84
01669520,37.63375,-76.69635,25.42,4.97296,277.39
02011400,38.04235,-79.88144,783.86,73.92744,407.72
02013000,37.8029,-80.047,691.82,70.85988,424.78
02014000,37.72901,-80.04228,691.04,73.63034,396.78
02015700,38.1954,-79.57032,753.52,68.72646,285.41
02016000,37.7918,-79.75949,645.04,66.42056,1194.55
02017500,37.50624,-80.10671,695.27,69.63081,276.15
02018000,37.66596,-79.91144,648.68,66.96658,852.34
02027000,37.71542,-78.98169,387.44,57.5512,240.77
02027500,37.70236,-79.02752,350.53,52.51564,123.34
02028500,37.86959,-78.82335,377.48,66.86826,245.45
02038850,37.41542,-78.63584,176.41,9.80131,22.0
02046000,37.06709,-77.60249,86.64,6.04481,288.52
02051500,36.71681,-77.83166,113.4,6.85615,1428.71
02053200,36.37083,-77.02556,25.28,2.20328,583.66
02053800,37.14013,-80.26643,705.68,36.16538,280.72
02055100,37.41763,-79.93532,399.99,38.79042,30.54
02056900,37.04514,-79.8442,423.07,33.49522,298.11
02059500,37.1732,-79.52031,319.14,27.0257,485.41
02064000,37.12681,-78.95974,192.21,9.95686,427.77
02065500,37.07931,-78.76362,170.09,10.06294,252.58
02069700,36.57097,-80.12949,372.62,23.01829,221.13
02070000,36.56819,-79.98726,308.66,12.22606,270.61
02074500,36.61958,-79.50419,223.3,10.70863,288.53
02077200,36.39778,-79.19667,194.0,7.08453,121.69
02081500,36.19417,-78.58306,132.21,6.46534,428.37
02082950,36.18333,-77.87611,79.77,6.54582,460.85
02092500,35.06417,-77.46139,21.88,2.57074,447.58
02096846,35.98722,-79.20611,182.85,7.73462,19.57
02102908,35.18278,-79.1775,106.88,10.48159,19.73
02108000,34.82889,-77.83222,31.61,3.14028,1569.48
02111180,36.07139,-81.40306,551.06,56.42993,131.47
02111500,36.175,-81.16889,454.02,35.95807,233.66
02112120,36.25028,-81.04444,460.03,35.93547,322.27
02112360,36.31139,-80.80722,405.86,23.71832,205.3
02118500,36.00056,-80.74556,336.82,18.17467,400.53
02125000,35.33472,-80.33556,190.23,9.32187,144.55
02128000,35.38722,-79.83139,195.23,8.97028,273.48
02137727,35.68583,-82.06028,602.18,65.11037,329.54
02140991,35.83361,-81.71194,529.42,43.76522,521.99
02143000,35.68444,-81.40333,399.35,27.07084,216.67
02143040,35.59069,-81.56704,411.33,33.1444,66.48
02149000,35.42345,-82.1115,403.91,39.54624,203.85
02152100,35.49306,-81.68222,414.31,40.11642,154.99
02177000,34.81398,-83.30599,705.59,47.86459,526.77
02178400,34.89037,-83.53044,797.91,59.8088,151.28
02193340,33.68263,-82.85792,167.93,7.49879,87.87
02196000,33.7293,-82.18179,142.19,7.2448,1408.38
02198100,32.93766,-81.81539,83.45,5.25896,79.49
02202600,32.16798,-81.48817,34.93,2.40016,590.47
02212600,33.09985,-83.72351,159.45,7.25507,187.96
02215100,32.23944,-83.50167,113.08,4.53352,420.29
02216180,31.99139,-82.92194,83.53,5.30253,129.11
02221525,33.25236,-83.48128,176.01,7.55177,490.8
02231000,30.35885,-82.0815,38.71,2.187,1748.37
02245500,29.97941,-81.85204,41.45,4.14377,348.43
02246000,30.1133,-81.90649,34.57,4.00959,451.06
02296500,27.37504,-81.79647,31.23,1.71633,886.4
02297155,27.48726,-82.02342,35.51,1.24624,93.6
02297310,27.19949,-81.98842,25.71,1.18116,528.38
02298123,27.052,-81.78453,21.75,0.82221,540.65
02298608,27.34366,-82.15676,22.79,1.6186,312.34
02299950,27.47365,-82.2112,33.67,1.61485,174.27
02300700,27.79197,-82.35204,25.46,2.88661,73.84
02342933,32.01766,-85.29577,127.7,7.99022,290.1
02349900,32.19556,-83.90222,116.19,3.41104,122.87
02350900,31.76444,-84.25333,139.77,6.74759,1365.12
02361000,31.34295,-85.61049,117.14,8.27039,1781.61
02363000,31.59489,-85.783,135.39,7.57689,1292.51
02369800,31.02768,-86.70996,72.29,4.2203,227.51
02371500,31.5735,-86.25162,125.86,7.42604,1292.79
02372250,31.59627,-86.40552,122.94,7.29973,1145.22
02374500,31.4185,-86.98664,109.86,7.40892,445.72
02381600,34.57037,-84.46882,512.02,35.2973,10.32
02384540,34.87202,-84.72133,499.46,93.55977,21.37
02395120,34.24278,-84.88972,250.6,9.60933,84.01
02415000,33.06679,-85.87913,270.56,12.25237,491.38
02427250,31.99626,-87.06832,102.61,6.93052,675.24
02430085,34.46667,-88.28361,150.01,6.72984,40.56
02450250,34.28538,-87.39891,254.92,12.27321,231.83
02464000,33.47928,-87.59723,143.69,9.66599,578.94
02464360,33.42484,-87.64251,114.12,8.63619,148.62
02465493,32.99735,-87.62223,101.5,9.53966,83.42
02469800,31.74432,-88.02251,78.13,9.86442,422.68
02472000,31.70694,-89.40694,123.24,6.76654,1927.13
02472500,31.42583,-89.41472,113.73,6.76541,789.94
02479155,31.02528,-89.01667,70.21,6.65609,137.28
02479300,30.73611,-88.78111,65.19,5.84957,1144.2
02479560,30.80908,-88.45863,64.68,6.14661,1454.33
02481000,30.55861,-89.12194,51.66,5.61014,249.23
02481510,30.48361,-89.27444,64.0,5.13464,800.66
04015330,46.94688,-91.7924,337.69,19.16862,224.35
04024430,46.63327,-92.09408,343.48,6.93316,1091.25
04027000,46.48661,-90.6963,425.75,9.36771,1619.85
04040500,46.58411,-88.57597,497.28,8.10212,419.83
04043050,47.22854,-88.38539,239.41,16.9632,76.62
04045500,46.57502,-85.26955,236.77,6.40846,1909.59
04057510,45.94302,-86.7057,228.86,4.66219,473.57
04057800,46.4991,-87.88652,476.21,6.3961,115.87
04059500,45.75552,-87.20152,314.09,6.07833,1184.37
04063700,45.76357,-88.46318,473.28,5.5832,362.57
04074950,45.18997,-88.73344,482.31,7.42761,1205.53
04105700,42.35337,-85.35389,277.91,6.57315,98.04
04115265,43.24976,-84.98113,254.56,4.35688,95.78
04122200,43.46418,-86.23257,244.61,6.17213,1048.28
04122500,43.94501,-86.27869,270.61,7.82371,1769.19
04127918,46.18585,-84.59783,234.05,5.24337,548.29
04127997,45.27446,-84.60003,356.97,12.23471,487.16
04161580,42.80086,-83.09021,277.3,7.53129,64.31
04185000,41.5045,-84.42967,250.64,3.32824,1064.0
04196800,40.92283,-83.34881,276.66,2.52382,608.07
04197100,41.02228,-83.10964,298.46,2.93165,388.21
04197170,41.11367,-83.16825,275.04,3.32921,95.21
04213000,41.927,-80.60397,322.72,10.20101,455.3
04213075,41.992,-80.29117,358.17,13.85748,11.65
04216418,42.86395,-78.28363,533.55,22.26514,196.47
04221000,42.12229,-77.95722,658.41,27.06629,750.88
04224775,42.53562,-77.70416,519.45,36.93333,231.84
04233000,42.39313,-76.54494,434.01,40.08692,91.9
04256000,43.74729,-75.33435,486.49,16.94626,232.45
03010655,41.96173,-78.19807,635.06,32.95227,254.44
03011800,41.76645,-78.71864,628.71,19.77674,100.1
03015500,41.85256,-79.31727,492.56,22.04748,784.85
03021350,42.01533,-79.78255,485.4,20.02559,239.67
03026500,41.63117,-78.57669,577.23,15.82974,20.31
03028000,41.57534,-78.69225,569.02,18.29113,161.11
03049000,40.7159,-79.69949,365.27,16.00521,357.15
03049800,40.52035,-79.93811,296.6,21.30523,14.89
03050000,38.80927,-79.88173,998.82,65.76346,487.29
03069500,39.12288,-79.68117,961.46,63.79304,1856.85
03070500,39.61564,-79.70477,599.73,30.19392,517.38
03076600,39.65614,-79.39411,795.46,21.46688,127.4
03078000,39.70219,-79.13639,767.06,30.57341,161.48
03140000,40.36285,-81.86236,287.7,15.82284,70.35
03144000,40.13257,-82.14792,292.28,13.11071,363.41
03170000,37.03763,-80.55672,713.74,32.96335,794.64
03173000,37.26818,-80.70951,750.95,46.98351,773.32
03180500,38.54373,-79.83312,1057.03,44.26244,345.06
03182500,38.18595,-80.13062,934.51,59.7077,1364.97
03186500,38.379,-80.48397,1057.61,61.17799,329.68
03237280,38.64369,-83.21574,248.51,31.52585,32.95
03237500,38.80368,-83.42102,272.36,14.22302,1003.21
03238500,38.85813,-83.92854,285.37,7.5191,568.5
03241500,39.72284,-83.88271,319.84,3.27837,170.91
03280700,37.16509,-83.30796,540.37,28.95669,158.22
03281500,37.47981,-83.67519,376.49,21.8686,1838.22
03285000,37.64202,-84.66078,323.6,12.08007,822.34
03291780,38.87811,-85.25718,249.83,14.47984,71.41
03338780,40.26531,-87.6428,213.25,3.19469,691.56
03340800,39.81255,-86.9539,268.15,4.37041,357.65
03346000,39.01004,-87.94559,173.5,2.57944,814.69
03364500,39.27477,-85.70165,274.58,3.79613,237.09
03366500,38.80422,-85.67386,240.19,8.50477,755.22
03368000,39.07033,-85.48608,264.12,4.26263,29.72
03384450,37.47227,-88.54727,166.37,16.36598,111.13
03439000,35.14333,-82.82472,863.18,63.23118,178.67
03455500,35.39611,-82.9375,1326.82,91.67733,72.95
03456500,35.46167,-82.86972,1162.13,99.95219,133.43
03460000,35.6675,-83.07361,1254.53,116.23587,127.02
03463300,35.83151,-82.18429,1025.66,112.34116,112.16
03471500,36.76039,-81.63123,1023.62,69.46205,198.16
03473000,36.65178,-81.84401,916.29,56.64293,784.81
03479000,36.23917,-81.82222,1040.03,82.19102,235.6
03488000,36.89678,-81.74623,812.91,54.05912,578.21
03498500,35.78562,-83.8846,680.92,77.71156,696.76
03500000,35.15,-83.37972,808.87,67.89742,361.14
03500240,35.15889,-83.39417,967.11,82.16983,145.86
03504000,35.1275,-83.61861,1039.71,86.43459,134.52
03574500,34.62425,-86.30637,337.61,47.69583,813.8
03592718,34.83556,-88.28806,173.22,6.67758,66.99
03604000,35.49591,-87.8328,269.53,10.29605,1163.03
05291000,45.29163,-96.48756,432.13,8.90129,1046.78
05362000,45.30803,-90.95652,434.01,5.6153,1477.29
05393500,45.44913,-89.97931,487.07,7.18561,220.44
05399500,44.82191,-90.07958,408.61,4.56736,576.3
05408000,43.57414,-90.64319,348.35,18.52763,689.33
05413500,42.72027,-90.81929,280.29,14.29374,695.33
05414000,42.7311,-90.64041,291.51,11.74505,370.79
05444000,41.90281,-89.69622,241.53,6.34198,376.35
05454000,41.70002,-91.48767,225.39,4.6154,65.38
05458000,43.03328,-92.50354,355.97,4.61454,776.76
05466500,41.18698,-90.96737,222.09,4.95695,1151.57
05487980,41.24688,-93.26607,309.96,6.21127,882.73
05488200,41.30055,-93.04548,282.37,6.56634,234.21
05489000,41.219,-92.90853,281.38,6.43914,964.76
05495000,40.39241,-91.59788,236.65,5.82876,1027.55
05495500,40.14282,-91.33737,203.55,4.21758,905.56
05501000,39.81799,-91.5177,215.88,5.30531,922.83
05503800,39.58483,-91.99349,232.79,3.69705,212.64
05507600,39.43143,-91.67627,232.77,1.80947,275.38
05508805,39.52046,-91.34275,223.69,4.6271,536.4
05525500,40.63004,-87.72392,217.33,2.73734,1158.76
05556500,41.36587,-89.49843,217.97,6.17927,505.09
05584500,40.33032,-90.89624,197.83,3.91674,1695.67
05591550,39.5067,-88.52756,211.21,3.71276,96.21
05592050,39.40587,-88.89646,191.16,3.71375,254.12
05592575,38.93699,-88.95284,176.47,1.56531,115.25
05593575,38.44172,-89.41675,153.43,3.13593,217.67
05593900,39.14894,-89.35231,196.82,3.03005,145.45
05595730,38.25394,-89.03979,151.58,3.36518,236.76
07291000,31.50306,-90.7775,129.13,7.60783,479.3
07359610,34.38278,-93.60611,301.25,26.3835,342.23
07362100,33.37596,-92.77711,82.82,5.30737,996.08
07362587,34.79759,-92.93351,287.49,26.09551,69.77
07375000,30.61602,-90.24869,54.03,3.81251,249.35
08013000,30.99602,-92.67375,75.95,4.567,1293.69
08014500,30.69875,-92.89319,57.95,3.28615,1305.15
05057200,47.22916,-98.12482,447.5,2.33897,1897.33
05120500,48.13834,-100.53986,515.77,5.85036,1509.83
06221400,43.34551,-109.41014,3336.8,127.16435,227.88
06224000,43.1769,-109.20291,3116.82,105.14637,484.86
06278300,44.50802,-107.40369,2953.37,86.72682,58.85
06280300,44.20828,-109.55489,3003.52,141.18886,793.95
06289000,45.00691,-107.61509,2507.99,86.42554,471.27
06291500,45.12644,-107.60054,2238.49,100.83533,217.96
06311000,44.02774,-107.08089,2515.87,41.0532,61.23
06332515,47.78724,-102.76853,683.69,21.51406,191.49
06339100,47.23613,-102.76991,759.27,10.76088,529.14
06344600,47.02779,-103.05324,796.57,7.89802,402.5
06350000,46.42667,-102.55183,833.77,7.61453,1501.05
06352000,46.15417,-102.47405,840.97,7.25043,1441.83
06404000,43.87249,-103.33658,1506.1,44.57631,151.83
06406000,43.82805,-103.19602,1337.4,35.11128,436.34
06409000,44.01359,-103.83048,1960.28,31.3792,205.33
06431500,44.48248,-103.86159,1889.64,36.22756,427.1
06440200,43.96888,-101.76709,756.84,9.79001,649.19
06447500,43.16667,-101.63015,1040.9,6.49678,826.61
06470800,46.22524,-98.07177,423.26,3.54676,1071.14
06477500,43.7764,-98.24567,466.03,5.211,1512.44
06479215,45.1808,-97.18619,569.24,6.43082,175.28
06601000,42.32158,-96.48768,415.2,9.0517,450.2
06614800,40.49609,-105.86501,3296.83,145.84396,4.03
06622700,41.37024,-106.52058,2837.34,71.34178,98.7
06623800,41.02358,-106.82477,2970.51,90.87092,187.66
06632400,41.58525,-106.22279,3001.56,69.03992,162.99
06746095,40.53998,-105.88279,3370.38,121.42221,8.9
06803510,40.89311,-96.68155,373.26,8.11686,113.28
06803530,41.0157,-96.54428,377.45,8.30034,309.75
06814000,39.94778,-96.10862,401.18,7.57575,713.83
06847900,39.76985,-100.10078,885.8,6.55023,1536.19
06853800,39.89925,-98.25043,559.13,6.65393,589.43
06876700,39.13907,-97.83696,448.53,8.37527,1056.44
06878000,39.03111,-97.04029,393.93,6.59798,776.42
06879650,39.10195,-96.59521,402.0,11.67178,11.51
06885500,39.68192,-96.44289,394.81,8.30284,1062.87
06888500,39.06265,-96.15025,412.34,10.57049,842.35
06889200,39.23833,-95.8886,347.72,8.52093,385.66
06889500,39.09938,-95.72495,335.49,8.09609,748.58
06892000,39.11633,-95.01088,304.55,9.14485,1092.72
06903400,40.95189,-93.25985,322.12,4.78235,481.42
06906800,38.70225,-92.97883,279.08,8.38096,1414.75
06910800,38.56701,-95.96163,376.84,6.45264,444.6
06911900,38.71069,-95.83603,367.43,6.40301,293.06
06917000,38.01897,-94.71367,296.09,6.4432,765.78
06918460,37.40237,-93.80203,372.29,8.23995,650.69
06919500,37.8342,-93.87549,304.29,6.03069,1069.42
06921070,37.68265,-93.37033,374.14,9.47519,712.59
06921200,37.75047,-93.26618,338.33,8.87458,323.62
07057500,36.62303,-92.24813,324.68,11.24276,1456.44
07060710,35.99535,-92.21265,272.84,18.02579,150.03
07066000,37.15408,-91.35816,343.23,10.30686,1053.5
07083000,39.17221,-106.38919,3457.46,158.91882,60.76
07142300,37.87159,-98.87614,677.58,4.76724,1819.94
07145700,37.24955,-97.4039,393.17,3.99175,399.81
07167500,37.70821,-96.2236,383.36,10.91937,319.62
07180500,38.19645,-96.82458,442.86,4.64743,275.51
07184000,37.28125,-95.03267,280.99,3.48891,510.84
07195800,36.25548,-94.43394,371.07,10.46386,38.23
07196900,35.88008,-94.48661,430.12,35.12088,106.35
07197000,35.9212,-94.83856,348.86,21.68267,808.45
07208500,36.37226,-104.97,2675.36,72.29899,159.22
07261000,35.2988,-92.40393,197.55,14.38002,445.81
07263295,34.8762,-92.77461,260.56,27.63587,119.03
07299670,34.35452,-99.74037,497.04,6.82082,828.36
07301410,35.4731,-100.12095,787.71,10.70028,769.67
07315200,33.81288,-98.08504,310.11,5.60451,501.62
07315700,34.00426,-97.56697,286.95,6.30245,1488.69
07335700,34.63844,-94.61272,450.35,54.44576,102.57
07340300,34.37955,-94.23576,342.71,20.62376,230.43
07346045,32.77792,-94.35742,103.75,7.44495,959.89
08023080,31.97933,-93.93408,86.85,4.78985,187.61
08050800,33.55455,-96.94723,229.09,5.75131,100.93
08066200,30.71631,-94.95882,86.8,6.98455,364.12
08066300,30.48139,-94.77972,67.47,4.66804,383.57
08070000,30.3366,-95.1041,84.67,5.61372,841.06
08070200,30.14549,-95.12438,71.08,4.64193,989.37
08082700,33.32927,-99.46508,453.85,4.04181,276.04
08086212,32.7329,-99.14063,507.6,10.25442,1584.82
08086290,32.64846,-99.00451,475.58,7.94291,732.98
08101000,31.28489,-97.88502,388.23,11.33266,1177.1
08103900,30.91157,-98.03697,382.97,9.98524,86.0
08104900,30.62575,-97.69112,317.44,12.46897,342.62
08109700,30.33938,-96.9047,143.05,6.2489,610.13
08150800,30.64352,-99.09588,563.65,14.64471,557.52
08158700,30.08299,-98.00779,367.97,13.35994,320.34
08158810,30.15549,-97.94001,308.05,10.64469,31.79
08164300,29.46691,-96.81276,102.72,5.75162,861.54
08164600,28.89138,-96.81915,37.19,1.85956,253.92
08165300,30.0641,-99.38699,669.21,10.29971,435.99
08171300,29.97938,-97.91,379.23,13.97922,1067.47
08175000,29.21525,-97.44943,113.27,5.3832,1421.66
08176900,28.86165,-97.22638,88.45,5.1182,925.44
08178880,29.72384,-99.07004,542.56,19.49002,850.58
08189500,28.29195,-97.27916,67.31,4.02675,1808.29
08190000,29.42857,-99.99729,567.77,17.30756,1961.43
08190500,29.47273,-100.23646,590.4,13.29277,1799.09
08194200,27.96501,-98.96697,161.27,5.02405,1220.58
08195000,29.48857,-99.70478,578.2,20.77367,1028.29
08196000,29.50468,-99.78145,536.77,22.61663,326.98
08198500,29.31431,-99.48047,439.45,15.828,624.35
08200000,29.56967,-99.24671,464.34,21.00912,249.11
08202700,29.37079,-99.28782,399.03,15.73611,434.75
08267500,36.54169,-105.5564,3006.6,149.08403,96.26
08269000,36.43947,-105.50362,2791.36,117.24472,163.27
08271000,36.50836,-105.53084,2722.86,141.28096,43.77
08324000,35.66169,-106.74337,2459.47,74.75895,1207.95
08377900,35.77725,-105.65807,3017.75,105.29076,139.03
08378500,35.70837,-105.68252,2965.23,104.53474,444.96
08380500,35.65199,-105.3189,2523.15,74.8758,198.06
09035800,39.80054,-106.02641,3271.22,145.66646,22.94
09035900,39.79582,-106.03057,3240.75,123.91195,72.84
09047700,39.59443,-105.97252,3333.84,103.791,23.57
09065500,39.62582,-106.27808,3350.1,112.77892,37.78
09066000,39.59638,-106.26503,3405.13,96.54414,32.41
09066200,39.64832,-106.32308,3071.97,145.36852,16.1
09066300,39.64582,-106.38225,2943.62,143.8313,15.52
09081600,39.23221,-107.22727,2990.97,150.5766,432.89
09107000,38.86027,-106.5667,3300.29,103.42073,331.62
09210500,42.09605,-110.41656,2441.13,59.4828,398.31
09223000,42.11049,-110.70962,2448.68,61.24655,333.15
09306242,39.92025,-108.47287,2245.09,61.01553,81.99
09312600,39.87579,-111.03739,2434.67,72.89216,195.29
09352900,37.4775,-107.54367,3282.66,156.08833,188.15
09378170,37.84666,-109.36956,2308.2,67.67706,21.9
09386900,35.28253,-108.55341,2341.65,37.39246,184.94
09404450,37.33943,-112.60438,2070.41,56.22302,192.96
09430600,33.16673,-108.64978,2126.66,84.46138,190.52
09447800,32.95562,-109.53119,1395.31,59.50706,781.96
09484600,32.03591,-110.67758,1347.5,44.72847,1179.59
09492400,33.82227,-109.81454,2468.99,65.37777,128.97
09494000,33.73644,-110.16677,2153.94,50.88758,1628.23
09497980,33.82783,-110.85623,1655.39,72.42906,516.8
09505350,34.72863,-111.77571,1736.94,47.8232,365.66
09505800,34.53864,-111.69404,1865.1,48.53574,614.94
09508300,34.16087,-111.69292,1243.76,87.50629,93.0
09510200,33.69421,-111.5418,1034.93,92.82902,425.31
09512280,33.88726,-111.95404,1040.23,77.535,188.71
09513780,33.9742,-112.09905,939.06,66.19504,177.47
10234500,38.28053,-112.56827,2498.74,95.20992,236.42
10244950,39.20154,-114.68916,2404.47,101.13866,28.2
10336645,39.05185,-120.11852,2357.54,118.27441,19.6
10336660,39.10741,-120.16214,2113.28,83.46391,29.8
10343500,39.43157,-120.23798,2156.91,81.24778,27.6
12010000,46.37399,-123.74348,145.18,47.2961,142.18
12013500,46.65093,-123.65266,309.17,61.57144,337.69
12020000,46.61732,-123.27764,435.98,74.62586,294.22
12025700,46.7726,-122.59401,556.37,73.37022,103.3
12035000,47.00065,-123.49488,149.3,29.3479,769.9
12040500,47.53786,-124.31575,437.01,96.58146,1153.44
12041200,47.80675,-124.25103,754.0,127.74358,655.8
12048000,48.01426,-123.13268,1263.46,183.83774,405.01
12054000,47.68398,-123.01155,776.86,174.79018,171.68
12056500,47.51426,-123.32989,775.17,160.23749,146.97
12073500,47.38926,-122.69902,42.92,16.48391,15.67
12082500,46.75261,-122.08372,1036.22,122.55748,350.0
12092000,46.90372,-122.03511,1330.94,172.20201,240.88
12114500,47.34205,-121.54899,852.5,129.6111,66.56
12115000,47.37011,-121.6251,900.07,130.41888,102.8
12117000,47.38649,-121.84622,640.53,116.02529,44.85
12143600,47.4526,-121.71788,981.21,118.4332,165.01
12144000,47.49288,-121.79011,881.0,132.22826,210.11
12145500,47.53982,-121.909,411.9,86.37572,78.98
12147500,47.71232,-121.78873,601.12,112.82134,102.89
12167000,48.26149,-122.04764,480.5,126.68987,683.75
12175500,48.67263,-121.0729,1538.75,245.56131,273.82
12178100,48.65596,-121.23846,1305.01,255.6884,69.68
12186000,48.16872,-121.47067,1226.29,172.55716,398.44
12189500,48.42456,-121.56846,1206.01,197.12231,1855.32
12375900,47.4916,-114.02677,1528.13,159.41846,19.72
12377150,47.32299,-113.97955,1512.07,129.5993,32.18
12381400,47.19549,-113.85065,1876.96,102.16577,150.95
12383500,47.14743,-113.97427,2041.03,116.4248,17.67
12390700,47.58605,-115.35515,1415.22,115.21011,470.23
12411000,47.70611,-115.97917,1145.85,92.51232,867.48
12447390,48.82292,-120.14592,1700.98,172.58264,58.1
12451000,48.32958,-120.69177,1509.63,226.8667,830.6
12488500,46.97762,-121.1687,1452.54,143.91948,205.17
13011500,43.85028,-110.51778,2400.71,78.5195,404.08
13011900,43.83806,-110.44111,2683.38,93.91466,851.8
13018300,43.45215,-110.70409,2197.93,109.51895,27.9
13023000,43.14278,-110.97667,2441.62,98.50956,1161.93
13161500,41.93324,-115.67453,2059.26,59.95146,986.13
13235000,44.08528,-115.62222,2075.34,126.24587,1163.23
13240000,44.91361,-115.99722,1965.35,110.07567,125.57
13313000,44.96167,-115.5,2155.6,111.17973,561.94
13331500,45.61987,-117.72659,1654.85,126.58633,618.93
14020000,45.71958,-118.32329,1215.85,91.6649,341.43
14096850,44.95873,-121.39423,958.51,46.78135,374.62
14137000,45.39956,-122.13731,1054.8,110.72043,674.24
14138800,45.45262,-121.89147,821.62,142.23871,21.29
14138870,45.48012,-122.02564,727.8,122.18566,14.02
14138900,45.49429,-122.03592,757.32,93.62395,21.68
14139800,45.44456,-122.10953,641.0,126.93213,40.7
14141500,45.4154,-122.17148,652.09,96.70294,59.87
14154500,43.73596,-122.8734,922.47,108.84718,546.81
14158790,44.33457,-122.04701,1026.81,116.44111,40.57
14166500,44.04984,-123.42621,249.51,35.95163,226.52
14182500,44.79151,-122.57897,719.95,106.83309,286.85
14185000,44.39179,-122.49758,977.23,116.24834,458.18
14185900,44.54012,-122.43591,823.79,121.31898,258.2
14187000,44.37235,-122.62314,794.8,114.68442,134.75
14216500,46.07567,-121.9987,824.9,115.75916,349.52
14222500,45.83678,-122.46621,485.85,77.2061,323.89
14236200,46.59538,-122.45956,490.53,97.48567,360.99
14301000,45.704,-123.7554,375.21,62.14889,1743.54
14303200,45.32428,-123.5465,572.22,70.81645,8.06
14305500,44.71512,-123.88733,276.16,55.46804,526.33
14306340,44.2479,-123.63649,397.44,62.50098,14.73
14306500,44.38595,-123.83178,308.31,57.46785,857.16
14308990,42.82318,-123.12589,987.04,96.62676,167.76
14309500,42.804,-123.61091,709.83,110.42527,224.92
14316700,43.34984,-122.72894,952.26,119.0892,587.9
14325000,42.8915,-124.07065,656.53,124.96889,443.07
14362250,42.15401,-123.07532,875.67,109.93127,41.42
14400000,42.12344,-124.18731,625.31,98.81802,702.63
10259000,33.76002,-116.55002,1233.96,169.65242,22.46
11124500,34.59666,-119.90875,679.8,87.84629,191.52
11141280,35.23553,-120.47239,292.35,60.28846,54.01
11143000,36.2458,-121.77329,764.03,138.61035,120.61
11148900,35.78858,-121.09381,462.72,66.18997,403.45
11151300,36.26802,-121.0663,535.53,56.57053,608.23
11176400,37.56132,-121.68384,701.12,78.77162,338.56
11230500,37.33939,-118.97345,3020.86,151.16005,135.53
11237500,37.19856,-119.21373,2201.22,104.67149,59.82
11264500,37.73159,-119.55877,2632.87,131.06068,467.98
11266500,37.71687,-119.66628,2512.58,140.1842,833.08
11284400,37.84187,-120.18491,897.33,52.40447,41.72
11381500,40.0546,-122.02415,941.68,70.5575,337.63
11451100,39.16545,-122.61999,740.46,103.93357,155.09
11468500,39.42822,-123.73779,276.08,45.14956,273.51
11473900,39.70627,-123.32529,1037.85,126.70666,1925.01
11475560,39.7296,-123.64391,592.58,90.33273,16.79
11476600,40.35125,-124.00393,478.69,94.52911,71.85
11478500,40.48042,-123.89088,757.76,122.52826,572.38
11480390,40.28431,-123.3353,1049.64,76.61899,242.6
11481200,41.01096,-124.08173,285.23,71.42838,105.4
11482500,41.29929,-124.05118,546.99,114.46463,718.04
11522500,41.37763,-123.47756,1279.3,152.80074,1943.12
11523200,41.11126,-122.70558,1614.41,139.34749,382.94
11528700,40.64986,-123.4942,1019.07,107.62195,1980.08
11532500,41.7915,-124.07619,725.07,112.11076,1577.96
